,Date,Dollar_per_MT,BDTI TD3,Flat Rate,Earnings,UL/VLCC Orderbook...3,UL/VLCC Orderbook...4,VLCC Orderbook % Fleet,VLCC Fleet Development...6,VLCC Fleet Development...7,VLCC Fleet - Average Age,VLCC Average Demolition Prices,VLCC Losses...10,VLCC Losses...11,VLCC Demolition...12,VLCC Demolition...13,VLCC Deliveries...14,VLCC Deliveries...15,UL/VLCC Contracting...16,UL/VLCC Contracting...17,UL/VLCC Contracting...18,VLCC Newbuilding Prices,Fujairah Bunker Prices,AG Crude Exports,Net Additions,P.Africa,P.Asia Pacific,P.Europe,P.FSU,P.Latin America,P.Middle East,P.North America,P.Total,UP.Africa,UP.Asia Pacific,UP.Europe,UP.FSU,UP.Latin America,UP.Middle East,UP.North America,UP.Total,Brent,WTI,Dubai,Diff_Dub_WTI,Diff_Brent_Dub,Diff_Brent_WTI,LCOc2.Brent_2,LCOc3.Brent_3,LCOc4.Brent_4,PCAAU00.Dubai_02,PCAAV00.Dubai_03,UL/VLCC Tankers Storage (No.),UL/VLCC Tankers Storage (DWT),Contango_M7-M1,New Addition_Forward,Time Charter 1 year ($/day),VLCC Single Voyage Fixtures,TP.U.S. + Canada,TP.Latin America,TP.Total Europe,TP.Former Soviet Union,TP.Asia-Pacific,TP.Middle East,TP.Africa,Total trade flows,TF.Des_ARA Region,TF.Des_East Asia,TF.Des_Indian Sub-Continent,TF.Des_North West Europe (excl. ARA),TF.Des_PADD 3 (US Gulf Coast),TF.Des_PADD 5 (US West Coast),TF.Des_Red Sea,TF.Des_Southeast Asia,F.Des_AG/ WCI,F.Des_EAF,F.Des_ECI,F.Des_ECSA,F.Des_FE,F.Des_LA,F.Des_MED,F.Des_MED/ BS,F.Des_MED/BS,F.Des_RS,F.Des_SAF,F.Des_SEA,F.Des_UKC,F.Des_USAC,F.Des_USEC,F.Des_USWC,F.Des_WAF,F.Des_WCSA,F.Origin_AG/ WCI,F.Origin_EAF,F.Origin_ECSA,F.Origin_FE,F.Origin_LA,F.Origin_MED,F.Origin_MED/ BS,F.Origin_MED/BS,F.Origin_RS,F.Origin_SAF,F.Origin_SEA,F.Origin_UKC,F.Origin_USAC,F.Origin_USEC,F.Origin_USWC,F.Origin_WAF
0,2010-01-01,20.01168,106.9,18.72,67532.6,198,61549482.0,38.34,535,160.53493,8.62632,375.0,0.0,0.0,1,236000.0,7,2125853.0,2,634493.0,228.0,99.0,481.8,16.04903,0.01,0.0,193.85,85.42,3.49,342.1,514.52,892.42,2031.79,0.0,0.0,610.78,0.0,16.96,0.0,500.56,1128.3,71.46,72.64,71.29,-1.35,-0.11,-1.46,72.08,72.76,73.44,72.11,72.39,0.0,0.0,-1.695,7.0,38200.0,150,0.0,0.0,0.0,0.0,0.0,0.0,0.0,0.0,0.0,0.0,0.0,0.0,0.0,0.0,0.0,0.0,0.0,0.0,0.0,0.0,0.0,0.0,0.0,0.0,0.0,0.0,0.0,0.0,0.0,0.0,0.0,0.0,0.0,0.0,0.0,0.0,0.0,0.0,0.0,0.0,0.0,0.0,0.0,0.0,0.0,0.0,0.0,0.0,0.0,0.0
3,2010-04-01,17.518175999999997,93.58,18.72,53740.25,184,57297704.0,35.803,531,160.03393,8.19099,460.0,0.0,0.0,1,245654.0,4,1234710.0,6,1910205.0,646.0,99.75,481.2,16.48315,0.01,93.5,1013.73,1038.68,316.63,603.93,213.33,846.1,4125.91,0.0,77.5,330.61,0.0,229.4,0.0,168.49,806.01,87.44,86.22,85.77,-0.45,1.7,1.25,88.45,89.29,89.97,85.99,86.33,0.0,0.0,-2.913904762,4.0,41400.0,136,0.0,0.0,0.0,0.0,0.0,0.0,0.0,0.0,0.0,0.0,0.0,0.0,0.0,0.0,0.0,0.0,0.0,0.0,0.0,0.0,0.0,0.0,0.0,0.0,0.0,0.0,0.0,0.0,0.0,0.0,0.0,0.0,0.0,0.0,0.0,0.0,0.0,0.0,0.0,0.0,0.0,0.0,0.0,0.0,0.0,0.0,0.0,0.0,0.0,0.0
5,2010-06-01,17.501327999999997,93.49,18.72,56926.95,185,57700265.0,35.88,533,160.81272,8.1343,380.0,0.0,0.0,0,0.0,5,1530400.0,7,2184946.0,680.0,104.0,443.25,15.88385,0.01,0.0,1252.53,603.37,244.0,786.42,0.0,563.1,3449.42,0.0,75.0,221.01,0.0,190.06,0.0,403.95,890.02,75.01,75.37,73.21,-2.16,1.52,-0.64,75.28,75.7,76.17,73.57,74.07,0.0,0.0,-2.649090909,5.0,44500.0,129,0.0,0.0,0.0,0.0,0.0,0.0,0.0,0.0,0.0,0.0,0.0,0.0,0.0,0.0,0.0,0.0,0.0,0.0,0.0,0.0,0.0,0.0,0.0,0.0,0.0,0.0,0.0,0.0,0.0,0.0,0.0,0.0,0.0,0.0,0.0,0.0,0.0,0.0,0.0,0.0,0.0,0.0,0.0,0.0,0.0,0.0,0.0,0.0,0.0,0.0
26,2012-03-01,16.31014,60.52,26.95,25176.14,122,38507582.0,21.485,588,179.23076,7.54634,460.0,0.0,0.0,1,269065.0,4,1282290.0,0,0.0,0.0,97.0,745.2,18.13957,0.01,0.0,1310.97,985.85,221.49,178.0,765.84,937.88,4400.04,0.0,569.43,836.26,36.13,340.51,0.0,497.41,2279.74,122.88,102.93,120.405,17.48,2.4,19.87,122.08,121.36,120.65,119.83,118.8,0.0,0.0,-12.23236364,4.0,20700.0,201,0.0,0.0,0.0,0.0,0.0,0.0,0.0,0.0,0.0,0.0,0.0,0.0,0.0,0.0,0.0,0.0,0.0,0.0,0.0,0.0,0.0,0.0,0.0,0.0,0.0,0.0,0.0,0.0,0.0,0.0,0.0,0.0,0.0,0.0,0.0,0.0,0.0,0.0,0.0,0.0,0.0,0.0,0.0,0.0,0.0,0.0,0.0,0.0,0.0,0.0
27,2012-04-01,17.29112,64.16,26.95,31668.42,117,36908919.0,20.541,589,179.68,7.52108,455.0,0.0,0.0,0,0.0,4,1229869.0,0,0.0,0.0,96.5,729.125,18.43523,0.01,0.0,1636.77,1489.11,206.88,244.4,617.93,1024.3,5219.39,0.0,584.99,687.84,160.0,102.43,0.0,477.08,2012.35,119.47,104.89,116.33,11.44,3.14,14.58,119.17,118.8,118.32,116.39,115.85,0.0,0.0,-10.068,4.0,22750.0,164,0.0,0.0,0.0,0.0,0.0,0.0,0.0,0.0,0.0,0.0,0.0,0.0,0.0,0.0,0.0,0.0,0.0,0.0,0.0,0.0,0.0,0.0,0.0,0.0,0.0,0.0,0.0,0.0,0.0,0.0,0.0,0.0,0.0,0.0,0.0,0.0,0.0,0.0,0.0,0.0,0.0,0.0,0.0,0.0,0.0,0.0,0.0,0.0,0.0,0.0
59,2014-12-01,16.599973000000002,68.51,24.23,74172.33,84,25688366.0,13.204,633,194.55699,8.31016,345.0,0.0,0.0,0,0.0,1,308019.0,1,318926.0,95.53208,97.0,358.75,18.30935,0.0,18.2,370.9,106.59,36.0,180.71,243.16,115.64,1071.21,34.84,47.48,221.62,216.0,325.34,247.9,200.31,1293.5,57.33,53.71,52.89,-0.82,4.66,3.84,58.21,59.19,60.22,54.17,54.99,0.0,0.0,1.371904762,1.0,36500.0,172,0.0,0.0,0.0,0.0,0.0,0.0,0.0,0.0,0.0,0.0,0.0,0.0,0.0,0.0,0.0,0.0,0.0,0.0,0.0,0.0,0.0,0.0,0.0,0.0,0.0,0.0,0.0,0.0,0.0,0.0,0.0,0.0,0.0,0.0,0.0,0.0,0.0,0.0,0.0,0.0,0.0,0.0,0.0,0.0,0.0,0.0,0.0,0.0,0.0,0.0
60,2015-01-01,16.13291,67.7,23.83,78569.05,84,25699273.0,13.21,633,194.54903,8.38415,322.5,0.0,0.0,0,0.0,1,320840.0,5,1539072.0,487.0,96.5,295.3,18.16484,0.0,82.32258065,196.4,258.89,38.53,431.39,109.42,525.94,1642.89,0.0,11.35,213.49,342.0,382.03,333.6,465.96,1748.43,52.99,47.85,45.3,-2.55,7.65,5.1,53.95,55.0,56.05,46.85,47.7,0.0,0.0,3.811047619,1.0,46600.0,202,0.0,0.0,0.0,0.0,0.0,0.0,0.0,0.0,0.0,0.0,0.0,0.0,0.0,0.0,0.0,0.0,0.0,0.0,0.0,0.0,0.0,0.0,0.0,0.0,0.0,0.0,0.0,0.0,0.0,0.0,0.0,0.0,0.0,0.0,0.0,0.0,0.0,0.0,0.0,0.0,0.0,0.0,0.0,0.0,0.0,0.0,0.0,0.0,0.0,0.0
64,2015-05-01,16.059037,67.39,23.83,68411.42,98,29960116.0,15.319,636,195.5795,8.5836,287.5,0.0,0.0,0,0.0,1,313992.0,7,2092783.0,682.0,96.0,379.8,18.28839,0.0,326.1290323,1972.57,1138.16,419.97,421.49,181.1,443.6,4903.01,45.0,121.35,331.39,342.79,264.41,390.68,273.41,1769.03,65.56,60.23,61.2,0.97,4.25,5.22,66.14,66.61,67.04,61.85,61.6,0.0,0.0,-5.575,1.0,46500.0,184,0.0,0.0,0.0,0.0,0.0,0.0,0.0,0.0,0.0,0.0,0.0,0.0,0.0,0.0,0.0,0.0,0.0,0.0,0.0,0.0,0.0,0.0,0.0,0.0,0.0,0.0,0.0,0.0,0.0,0.0,0.0,0.0,0.0,0.0,0.0,0.0,0.0,0.0,0.0,0.0,0.0,0.0,0.0,0.0,0.0,0.0,0.0,0.0,0.0,0.0
66,2015-07-01,16.804916,70.52,23.83,76724.35,123,37499818.0,19.048,640,196.87353,8.67747,230.0,0.0,0.0,0,0.0,2,627627.0,2,601973.0,191.0,95.5,311.8,19.17806,0.0,161.6129032,1324.55,329.23,311.85,256.68,0.0,158.94,2542.87,8.26,157.34,253.3,466.9,367.41,204.0,314.56,1771.77,52.21,46.77,53.1,6.33,-1.25,5.08,52.85,53.55,54.25,53.0,52.25,0.0,0.0,-5.719818182,2.0,50600.0,154,0.0,0.0,0.0,0.0,0.0,0.0,0.0,0.0,0.0,0.0,0.0,0.0,0.0,0.0,0.0,0.0,0.0,0.0,0.0,0.0,0.0,0.0,0.0,0.0,0.0,0.0,0.0,0.0,0.0,0.0,0.0,0.0,0.0,0.0,0.0,0.0,0.0,0.0,0.0,0.0,0.0,0.0,0.0,0.0,0.0,0.0,0.0,0.0,0.0,0.0
69,2015-10-01,17.412581,73.07,23.83,84654.64,132,40291136.0,20.243,647,199.04151,8.83153,225.0,0.0,0.0,0,0.0,2,600959.0,3,914252.0,276.0,95.0,245.7,18.94,0.0,116.1290323,2030.38,403.99,1209.41,262.89,704.03,1332.38,6059.2,0.0,340.73,238.3,362.9,948.79,268.19,287.13,2446.05,49.56,46.39,43.29,-3.1,6.21,3.11,50.31,51.11,51.73,45.72,46.59,0.0,0.0,-1.993636364,2.0,52000.0,154,0.0,0.0,0.0,0.0,0.0,0.0,0.0,0.0,0.0,0.0,0.0,0.0,0.0,0.0,0.0,0.0,0.0,0.0,0.0,0.0,0.0,0.0,0.0,0.0,0.0,0.0,0.0,0.0,0.0,0.0,0.0,0.0,0.0,0.0,0.0,0.0,0.0,0.0,0.0,0.0,0.0,0.0,0.0,0.0,0.0,0.0,0.0,0.0,0.0,0.0
71,2015-12-01,20.801206999999998,87.29,23.83,107672.0,132,40304529.0,20.126,651,200.26224,8.94995,217.5,0.0,0.0,0,0.0,1,308663.0,2,621973.0,176.0,93.5,178.75,19.22,0.0,69.48387097,525.81,251.84,63.1,100.44,334.16,317.13,1661.96,0.0,487.77,369.89,362.9,517.3,200.1,379.82,2317.79,37.28,37.07,31.81,-5.26,5.79,0.53,37.67,38.53,39.4,32.13,33.12,0.0,0.0,0.191590909,1.0,56375.0,153,0.0,0.0,0.0,0.0,0.0,0.0,0.0,0.0,0.0,0.0,0.0,0.0,0.0,0.0,0.0,0.0,0.0,0.0,0.0,0.0,0.0,0.0,0.0,0.0,0.0,0.0,0.0,0.0,0.0,0.0,0.0,0.0,0.0,0.0,0.0,0.0,0.0,0.0,0.0,0.0,0.0,0.0,0.0,0.0,0.0,0.0,0.0,0.0,0.0,0.0
79,2016-08-01,6.201252,36.18,17.14,18644.36,116,35462988.0,17.032,677,208.21626,9.24409,222.5,0.0,0.0,0,0.0,6,1807789.0,7,2196768.0,605.4,86.0,242.875,20.719,0.01,68.70967742,1604.37,172.54,762.82,343.35,216.51,176.81,3345.11,60.0,253.8,416.23,422.9,1686.73,368.84,137.82,3346.33,47.04,44.86,44.81,-0.05,2.23,2.18,46.89,47.27,47.68,45.1,45.38,0.0,0.0,-2.406022727,6.0,30438.0,171,18327.0,5162.0,12841.0,7036.0,26626.0,7926.0,2112.0,292.0,10.0,171.0,32.0,6.0,16.0,7.0,13.0,25.0,33.0,1.0,1.0,2.0,122.0,20.0,1.0,14.0,1.0,1.0,7.0,43.0,22.0,9.0,3.0,1.0,6.0,2.0,140.0,1.0,9.0,3.0,43.0,2.0,15.0,1.0,3.0,2.0,1.0,6.0,1.0,1.0,1.0,60.0
80,2016-09-01,5.837884,34.06,17.14,15463.55,117,35851967.0,17.07,683,210.02405,9.24549,247.5,0.0,0.0,0,0.0,5,1506007.0,0,0.0,0.0,85.0,262.7,20.799,0.01,230.6666667,1818.92,462.64,921.2,173.07,76.39,641.97,4324.85,46.0,310.48,443.87,476.23,1779.07,371.0,380.33,3806.98,49.06,48.05,45.1,-2.95,3.95,1.0,50.19,50.75,51.25,46.21,46.11,0.0,0.0,-1.282619048,5.0,26750.0,230,17871.0,5067.0,12430.0,6622.0,26970.0,7756.0,1949.0,305.0,8.0,175.0,42.0,5.0,17.0,7.0,12.0,26.0,63.0,1.0,1.0,4.0,169.0,24.0,1.0,24.0,1.0,1.0,8.0,82.0,62.0,6.0,3.0,1.0,5.0,1.0,217.0,1.0,15.0,3.0,45.0,4.0,32.0,1.0,1.0,2.0,1.0,29.0,1.0,1.0,1.0,100.0
86,2017-03-01,6.984117,52.79,13.23,19690.91,88,27085504.0,12.354,713,219.24431,9.24229,325.0,0.0,0.0,0,0.0,2,598275.0,0,0.0,0.0,80.0,304.9,19.661,0.0,213.2258065,1788.46,1234.14,481.52,324.94,379.88,1125.06,5547.22,347.0,201.13,170.41,442.0,1741.01,310.37,426.19,3638.12,52.83,50.85,50.7,-0.15,2.04,1.89,53.53,53.79,53.98,51.22,51.57,0.0,0.0,-4.393108696,2.0,26725.0,215,17827.0,5075.0,12278.0,6640.0,28105.0,7712.0,2138.0,333.0,9.0,197.0,45.0,7.0,18.0,5.0,13.0,25.0,64.0,1.0,2.0,1.0,284.0,26.0,1.0,4.0,,7.0,1.0,74.0,14.0,9.0,4.0,1.0,1.0,1.0,303.0,1.0,23.0,1.0,37.0,1.0,2.0,1.0,3.0,2.0,8.0,23.0,1.0,1.0,1.0,89.0
89,2017-06-01,6.768468,51.16,13.23,18643.82,96,29671109.0,13.347,723,222.29813,9.37114,295.0,0.0,0.0,0,0.0,4,1209850.0,1,312105.0,81.0,81.0,297.5,19.42,0.01,243.0,2473.73,641.33,421.05,312.4,49.27,288.7,4429.48,265.87,301.33,181.78,423.61,1932.92,417.81,104.83,3628.15,47.92,46.33,46.44,0.11,1.46,1.57,48.77,49.04,49.33,46.83,47.01,0.0,0.0,-2.164095238,4.0,26700.0,188,19003.0,4805.0,12585.0,7005.0,27280.0,7973.0,2167.0,298.0,7.0,180.0,37.0,5.0,15.0,8.0,10.0,26.0,56.0,1.0,2.0,1.0,310.0,22.0,1.0,5.0,,2.0,2.0,93.0,11.0,7.0,2.0,1.0,1.0,1.0,301.0,1.0,13.0,1.0,52.0,1.0,12.0,1.0,3.0,2.0,1.0,32.0,1.0,1.0,1.0,95.0
90,2017-07-01,6.801542999999999,51.41,13.23,18779.05,93,28773364.0,12.874,727,223.50798,9.40245,300.0,0.0,0.0,2,605601.0,6,1827239.0,4,1274432.0,326.28,81.0,303.375,19.33,0.01,116.8709677,2023.39,38.71,485.51,489.67,27.9,113.39,3295.43,301.5,255.0,361.74,441.23,2003.31,401.99,87.22,3851.98,52.65,50.17,50.35,0.18,2.27,2.45,52.72,52.87,53.02,50.66,50.85,0.0,0.0,-2.395714286,6.0,26500.0,173,19144.0,4714.0,13026.0,7045.0,27378.0,8155.0,2129.0,326.0,12.0,193.0,36.0,6.0,16.0,7.0,15.0,28.0,38.0,1.0,2.0,1.0,213.0,11.0,1.0,3.0,,5.0,2.0,65.0,8.0,5.0,1.0,1.0,1.0,1.0,229.0,1.0,10.0,1.0,28.0,1.0,6.0,1.0,1.0,2.0,1.0,19.0,1.0,1.0,1.0,57.0
91,2017-08-01,5.587029,42.23,13.23,11104.23,90,27912557.0,12.421,731,224.72961,9.36708,320.0,0.0,0.0,4,1180293.0,2,629972.0,0,0.0,0.0,81.0,307.25,19.39,0.0,112.4193548,1249.82,157.51,769.73,343.16,51.41,34.85,2718.9,242.0,158.95,457.41,409.39,2198.34,358.04,1066.33,4890.46,52.38,47.09,49.3,2.21,3.01,5.22,52.86,52.84,52.91,49.57,49.52,0.0,0.0,-4.385909091,2.0,26750.0,154,18803.0,4770.0,13218.0,6866.0,28339.0,8035.0,2154.0,303.0,6.0,196.0,34.0,4.0,9.0,5.0,11.0,29.0,22.0,1.0,2.0,1.0,105.0,6.0,1.0,1.0,,1.0,1.0,38.0,4.0,6.0,1.0,1.0,1.0,1.0,101.0,1.0,3.0,1.0,26.0,2.0,6.0,1.0,1.0,2.0,1.0,9.0,1.0,1.0,1.0,34.0
92,2017-09-01,5.748435000000001,43.45,13.23,10740.1,88,27282585.0,12.17,729,224.17929,9.35837,317.5,0.0,0.0,3,910776.0,5,1528353.0,9,2746930.0,744.0,81.0,329.9,19.28,0.0,99.7,1144.94,701.83,1158.3,312.77,155.81,379.57,3952.91,262.0,137.5,267.91,384.44,2360.45,409.67,2399.14,6221.11,57.54,51.64,55.2,3.56,2.31,5.87,56.79,56.59,56.43,55.63,55.3,0.0,0.0,-5.77,5.0,26500.0,179,17222.0,4674.0,13061.0,6555.0,29032.0,8287.0,1963.0,306.0,8.0,190.0,39.0,4.0,9.0,6.0,11.0,29.0,31.0,1.0,2.0,1.0,137.0,3.0,1.0,1.0,,1.0,1.0,34.0,2.0,3.0,1.0,1.0,1.0,1.0,133.0,1.0,10.0,1.0,21.0,1.0,1.0,1.0,1.0,2.0,1.0,11.0,1.0,1.0,1.0,33.0
95,2017-12-01,6.80022,51.4,13.23,14698.33,94,29217114.0,12.909,736,226.33526,9.3784,320.0,0.0,0.0,2,599044.0,1,312127.0,8,2467155.0,660.5,81.5,361.7,19.32,0.0,159.0322581,1016.04,274.35,291.27,366.19,288.91,59.19,2454.98,137.0,284.6,411.33,385.81,2314.14,400.63,307.21,4240.72,66.87,60.1,64.36,4.26,2.26,6.52,66.44,66.09,65.78,63.97,63.63,0.0,0.0,-7.238,1.0,25600.0,174,19051.0,4522.0,12983.0,7077.0,29396.0,8268.0,2146.0,323.0,6.0,199.0,38.0,4.0,13.0,7.0,12.0,32.0,19.0,1.0,,1.0,95.0,6.0,1.0,1.0,,1.0,1.0,18.0,2.0,1.0,1.0,1.0,1.0,1.0,92.0,1.0,8.0,1.0,6.0,1.0,3.0,1.0,1.0,2.0,3.0,5.0,1.0,1.0,1.0,32.0
96,2018-01-01,6.939968,44.26,15.68,10246.0,101,31372142.0,13.879,735,226.04834,9.41621,330.0,0.0,0.0,2,583243.0,4,1211292.0,5,1572631.0,412.0,83.0,386.75,19.19,0.0,80.80645161,507.77,343.87,268.84,327.12,328.39,330.97,2187.77,148.61,350.11,154.13,412.68,2414.28,362.25,384.44,4226.5,69.05,64.77,65.75,0.98,3.31,4.29,68.89,68.57,68.24,65.35,65.07,25.0,7876575.0,-7.890909091,4.0,24500.0,184,18372.0,4371.0,12862.0,6926.0,29643.0,8045.0,2106.0,335.0,3.0,207.0,51.0,3.0,13.0,5.0,15.0,26.0,27.0,1.0,,1.0,138.0,10.0,1.0,1.0,,1.0,2.0,38.0,3.0,5.0,1.0,1.0,1.0,1.0,146.0,1.0,8.0,1.0,18.0,1.0,3.0,1.0,1.0,2.0,3.0,9.0,1.0,1.0,1.0,37.0
97,2018-02-01,6.061887999999999,38.66,15.68,6209.2,102,31733481.0,13.999,737,226.67639,9.42311,330.0,0.0,0.0,5,1457548.0,2,597744.0,5,1500352.0,421.6,84.5,374.375,19.22,0.0,307.6785714,410.61,745.9,321.76,327.0,438.5,1168.01,3719.45,164.0,257.61,116.14,442.89,2504.42,271.64,393.52,4150.22,65.78,61.55,63.2,1.65,2.56,4.21,64.73,64.46,64.13,63.08,62.98,26.0,8186073.0,-7.457039474,2.0,22563.0,212,17724.0,4474.0,12311.0,6981.0,29224.0,7971.0,2113.0,285.0,6.0,171.0,36.0,5.0,11.0,6.0,9.0,31.0,20.0,1.0,,1.0,129.0,5.0,1.0,1.0,,1.0,2.0,21.0,6.0,5.0,1.0,1.0,1.0,1.0,130.0,1.0,11.0,1.0,13.0,1.0,2.0,1.0,1.0,2.0,3.0,7.0,1.0,1.0,1.0,25.0
98,2018-03-01,6.259456,39.92,15.68,7794.76,105,32636089.0,14.472,733,225.5109,9.40621,342.5,0.0,0.0,9,2667095.0,2,627826.0,14,4297228.0,1206.8,86.0,373.1,19.19,-0.01,164.0967742,1896.19,1206.29,558.79,363.84,399.42,931.06,5519.69,247.65,184.58,111.85,322.81,2418.12,276.46,307.43,3868.89,70.27,64.91,65.4,0.49,4.82,5.31,69.34,68.85,68.36,65.9,65.75,26.0,8186073.0,-7.583333333,2.0,20500.0,230,18428.0,4383.0,11781.0,6926.0,28871.0,7920.0,2207.0,311.0,3.0,199.0,35.0,3.0,13.0,8.0,12.0,28.0,11.0,1.0,,1.0,140.0,6.0,1.0,3.0,,1.0,5.0,33.0,5.0,4.0,2.0,1.0,1.0,1.0,125.0,1.0,6.0,2.0,23.0,3.0,1.0,1.0,1.0,2.0,3.0,6.0,1.0,1.0,1.0,33.0
99,2018-04-01,6.424096,40.97,15.68,7131.4,117,36305491.0,16.246,726,223.47163,9.34998,327.5,0.0,0.0,2,605852.0,5,1558045.0,4,1237447.0,340.0,87.0,397.5,19.39,0.0,52.26666667,1546.2,994.54,961.79,321.33,559.79,1655.7,6091.62,197.0,499.5,81.61,291.4,2458.03,275.28,134.2,3937.02,75.17,68.57,69.97,1.4,5.19,6.59,74.69,74.17,73.6,70.0,69.38,26.0,8186073.0,-9.259255952,5.0,19594.0,200,18022.0,4770.0,12105.0,6586.0,28735.0,7927.0,2279.0,307.0,3.0,197.0,34.0,1.0,17.0,10.0,10.0,26.0,25.0,1.0,,1.0,120.0,6.0,1.0,3.0,,2.0,5.0,30.0,7.0,2.0,2.0,1.0,1.0,1.0,132.0,1.0,4.0,2.0,14.0,3.0,1.0,1.0,1.0,2.0,1.0,7.0,1.0,1.0,1.0,33.0
100,2018-05-01,6.881952,43.89,15.68,7038.05,116,35984893.0,16.056,728,224.12467,9.33036,322.5,0.0,0.0,4,1213998.0,6,1866605.0,10,2999991.0,880.5,87.0,442.75,19.29,0.0,96.4516129,2215.01,1219.96,785.54,124.03,125.78,1357.29,5924.06,491.97,383.92,74.29,290.9,2566.99,415.7,216.2,4439.97,77.59,67.1,75.45,8.35,2.14,10.49,77.56,77.25,76.9,74.69,74.08,27.0,8485168.0,-8.75797619,6.0,19375.0,284,18292.0,4565.0,11932.0,6932.0,28972.0,8262.0,2142.0,321.0,3.0,204.0,44.0,3.0,13.0,7.0,14.0,28.0,23.0,1.0,,1.0,140.0,9.0,1.0,1.0,,2.0,3.0,34.0,5.0,7.0,2.0,1.0,1.0,1.0,137.0,1.0,6.0,1.0,28.0,3.0,3.0,1.0,1.0,2.0,1.0,6.0,1.0,1.0,1.0,38.0
117,2019-10-01,24.969789000000002,134.03,18.63,112465.0,75,22977006.0,9.404,792,244.33874,9.49916,272.5,0.0,0.0,0,0.0,6,1842443.0,1,300000.0,94.2,92.0,326.8125,19.47678,0.01,438.6219355,2339.53,971.31,1086.11,743.96,786.48,1861.75,8227.78,356.3,31.84,161.9,266.0,2328.52,236.21,231.39,3612.16,60.23,54.14,61.05,6.91,-0.84,6.07,59.62,58.91,58.34,59.55,58.24,63.0,19546365.0,-15.8075,6.0,51375.0,278,17400.0,3899.0,12341.0,6824.0,29489.0,7914.0,1964.0,315.0,5.0,214.0,41.0,1.0,2.0,8.0,12.0,24.0,73.0,,,1.0,561.0,10.0,2.0,6.0,,19.0,6.0,86.0,24.0,12.0,2.0,3.0,2.0,1.0,509.0,,50.0,5.0,88.0,1.0,3.0,,1.0,2.0,3.0,17.0,1.0,2.0,2.0,131.0
118,2019-11-01,17.201079,92.33,18.63,71354.76,70,21434563.0,8.728,796,245.57739,9.49267,272.5,0.0,0.0,0,0.0,6,1825915.0,0,0.0,0.0,92.0,279.45,19.99063,0.01,164.3733333,1648.63,856.53,578.82,806.47,900.34,1252.58,6207.74,367.8,78.0,125.57,299.75,2050.39,232.23,119.25,3272.99,62.43,55.42,63.85,8.43,0.07,8.5,60.49,59.85,59.35,62.63,61.29,66.0,20443712.0,-16.15471429,6.0,47050.0,216,18235.0,4084.0,12241.0,7194.0,30799.0,7637.0,1971.0,308.0,7.0,212.0,35.0,1.0,4.0,9.0,11.0,26.0,67.0,,,2.0,427.0,9.0,1.0,6.0,,3.0,5.0,104.0,26.0,8.0,2.0,1.0,2.0,1.0,364.0,,39.0,3.0,92.0,1.0,10.0,,1.0,2.0,3.0,20.0,1.0,2.0,2.0,128.0
119,2019-12-01,20.364452999999997,109.31,18.63,90609.29,64,19608648.0,7.926,802,247.40331,9.50436,272.5,0.0,0.0,0,0.0,2,601518.0,9,2736000.0,804.6,92.0,288.625,19.2288,0.0,71.81709677,1028.56129,400.2177419,357.6425484,904.8225806,278.7967742,179.2129032,3221.070935,306.3,328.0935484,334.883871,144.7096774,1772.530645,285.0,163.0645161,3334.582258,66.0,61.21,67.255,6.04,-1.22,4.82,65.29,64.68,64.08,65.75,64.87,65.0,20111823.0,-17.34357143,2.0,48750.0,269,18521.0,4133.0,12337.0,7087.0,30669.0,7896.0,2128.0,316.0,6.0,217.0,34.0,2.0,6.0,6.0,13.0,27.0,77.0,,,5.0,497.0,3.0,1.0,4.0,,17.0,5.0,70.0,8.0,7.0,1.0,2.0,1.0,,468.0,,44.0,6.0,70.0,1.0,3.0,,3.0,2.0,12.0,29.0,1.0,3.0,2.0,90.0
120,2020-01-01,20.491829999999997,93.57,21.9,71301.41,71,21743130.0,8.767,804,248.00483,9.56385,272.5,0.0,0.0,0,0.0,10,3031092.0,1,300000.0,94.2,92.0,307.75,18.48406,0.01,28.85,596.01,292.95,264.47,1136.23,151.13,246.18,2715.824774,336.3645161,607.1612903,513.1967742,106.0,1863.660645,266.6580645,408.3548387,4101.396129,58.16,51.63,58.46,6.83,-0.27,6.56,56.62,56.42,56.24,56.92,56.54,65.0,20092977.0,-17.07604762,10.0,48650.0,265,18034.0,4133.0,12232.0,6873.0,30379.0,7783.0,1983.0,325.0,7.0,208.0,41.0,1.0,4.0,6.0,14.0,39.0,75.0,,,5.0,592.0,2.0,,1.0,,4.0,8.0,161.0,8.0,8.0,1.0,1.0,1.0,,503.0,,54.0,6.0,116.0,1.0,2.0,,3.0,,9.0,40.0,1.0,1.0,1.0,129.0
122,2020-03-01,27.280829999999995,124.57,21.9,128996.36,60,18400294.0,7.321,815,251.34293,9.57853,272.5,0.0,0.0,0,0.0,2,612499.0,3,900000.0,256.0,91.5,237.5625,,0.0,126.35,1495.42,1154.03,503.29,1042.68,1322.55,805.81,6450.123323,451.3767742,3501.844581,625.5806452,1.287096774,2261.139839,335.2177419,1035.533871,8211.980548,22.74,20.1,23.4,3.3,-0.69,2.61,26.35,29.66,32.24,26.26,29.44,60.0,18549401.0,2.4,2.0,45000.0,270,16953.0,3985.0,11218.0,7002.0,27933.0,7139.0,1895.0,317.0,7.0,205.0,39.0,2.0,4.0,5.0,18.0,32.0,41.0,,,5.0,455.0,35.0,,4.0,,28.0,2.0,71.0,15.0,4.0,2.0,,,,425.0,,38.0,1.0,68.0,1.0,4.0,,5.0,,4.0,33.0,1.0,,4.0,82.0
123,2020-04-01,34.772819999999996,158.78,21.9,176249.65,61,18687795.0,7.426,816,251.64637,9.62868,272.5,0.0,0.0,0,0.0,2,611392.0,2,600000.0,209.2,91.0,169.9375,,0.0,112.42,1683.46,716.17,1225.75,1066.99,922.1,993.03,6719.925233,830.0073333,3932.9646,1665.989833,46.43,3176.27125,725.732,4351.687667,14729.08268,25.27,19.09,20.7,1.61,4.69,6.3,26.48,28.31,29.78,24.91,27.48,75.0,23170575.0,2.30297619,2.0,69375.0,146,14052.0,3229.0,10312.0,6319.0,26805.0,6537.0,1639.0,307.0,11.0,196.0,33.0,1.0,4.0,4.0,23.0,31.0,27.0,,,3.0,292.0,3.0,,3.0,,12.0,,32.0,5.0,3.0,,,,,235.0,,39.0,1.0,22.0,1.0,2.0,,3.0,,4.0,4.0,,,4.0,63.0
127,2020-08-01,7.02333,32.07,21.9,,64,,,824,,9.79086,,,,0,,2,,0,,,87.0,282.8125,,,0.0,1668.97,332.23,804.57,442.27,257.58,490.79,3996.395774,574.9612903,2109.454839,1189.680661,109.283871,2914.694274,623.0177419,4675.708387,12196.80106,45.28,42.61,45.91,3.3,-0.63,2.67,45.66,46.03,,45.85,46.05,,,,,36000.0,163,,,,,,,,,,,,,,,,,,,,,,,,,,,,,,,,,,,,,,,,,,,,,,,,,,
128,2020-09-01,6.644459999999999,30.34,21.9,,62,,,826,,9.85028,,,,0,,2,,4,,,86.0,263.9375,,,0.0,1676.65,1076.73,1232.75,426.6,854.83,589.88,5857.443333,594.3733333,1909.031667,963.4188333,66.19,2647.626333,547.01,4883.348833,11610.999,40.95,40.22,40.33,0.11,0.62,0.73,42.3,42.75,,40.76,40.93,,,,,30937.5,180,,,,,,,,,,,,,,,,,,,,,,,,,,,,,,,,,,,,,,,,,,,,,,,,,,
129,2020-10-01,6.070679999999999,27.72,21.9,,64,,,828,,9.90962,,,,0,,3,,2,,,85.0,266.35,,,256.2903226,2022.47,1226.98,1074.21,555.31,491.32,552.18,6178.767065,550.1354839,1537.129677,885.4120806,130.1774194,2504.094677,459.2022581,4463.995484,10530.14708,37.46,35.79,37.15,1.36,0.31,1.67,37.94,38.4,,37.58,37.83,,,,,25900.0,150,,,,,,,,,,,,,,,,,,,,,,,,,,,,,,,,,,,,,,,,,,,,,,,,,,
130,2020-11-01,5.76627,26.33,21.9,,63,,,831,,9.95688,,,,1,,4,,15,,,85.0,293.125,,,245.9166667,1449.03,787.79,690.25,694.43,269.83,355.33,4492.590333,470.2,1275.899333,980.6516667,16.43333333,2163.741333,431.4661667,3906.286667,9244.6785,47.59,45.34,46.99,1.65,0.6,2.25,47.88,47.95,,46.82,46.73,,,,,23750.0,192,,,,,,,,,,,,,,,,,,,,,,,,,,,,,,,,,,,,,,,,,,,,,,,,,,
